id,words
9Hn9yXoEMD,group of people posing for photo
B0--OP4BEPS,person holding sign
B03ElxPn0El,woman standing in front of mountain
B03rZG8g_8C,person standing in front of mirror posing for the camera
B05klvPAOv9,person standing in front of sign
B09a7hQhigR,man wearing suit and tie
B0BEEknoAoo,person standing in front of mountain
B0elFFaja5I,group of people posing for photo
B0eNrDmnIEG,woman standing in front of window
B0f8eRSIQFP,man standing on rocky hill
B0i9zJeHpF9,vase of flowers on table
B0q9aVrgHg7,person with football ball on field
B0x6ddZHEU1,person in green shirt with mountain in the background
B0z4VoLn_GL,screenshot of cell phone
B0ZCFAFizls,man wearing suit and tie
B0zTvN1pppV,girl throwing frisbee
B1B4RVAj2iK,path with trees on the side of road
B1CBEzrAOau,football player on field
B1E86D6Hld-,group of people standing next to body of water
B1EoRPmFJjv,person sitting on beach
B1GUBlCh1Wz,group of people posing for the camera
B1HB7L2B9Iy,couple of people that are talking to each other
B1HI8KmIGQ5,man standing in front of mountain
B1HVK4ao1Fa,close up of footwear
B1IgSu5o3mt,close up of light
B1Inf0FFCuq,person wearing sunglasses and hat
B1IT9XWCnkF,group of baseball players standing on beach
B1JCJPYFXu6,group of people posing for photo
B1JKrYrojeS,man standing next to tree
B1JMr7mDUVZ,person standing in room
B1JXjndHSJK,close up of bunch of purple flowers
B1JXS6aHSbN,man standing next to body of water
B1K4WeHH4FK,man standing on top of hill
B1KBwzgABRT,couple of people posing for the camera
B1Kl8YdJ96e,woman wearing hat
B1KlYGUnxVL,woman holding cell phone
B1KohLaH-X2,clock on the side of brick building
B1KoqsdnOc7,woman posing for picture
B1KrTkAAwjG,car driving down street
B1L0AHWozR5,woman standing in kitchen
B1L0An2nNvA,person wearing red and black hair
B1L0Axrnwj7,man riding motorcycle down street
B1L0AZyAW2P,man standing on rocky hill
B1L0B76Iqni,close up of text on white background
B1L0BdFnLSI,man in striped shirt talking on cell phone
B1L0BFDnOde,an empty road with grass and trees
B1L0BiSCj_3,screenshot of cell phone
B1L0Br3HhzF,young girl standing in parking lot
B1L0Cl-Hm6Y,motorcycle is parked on the side of the road
B1L0CW4HibP,man and dog
B1L0CXvp-km,person holding sign
B1L0Db7D0RS,person riding skate board on city street
B1L0DdLhMrA,person standing next to body of water
B1L0EwrnqyP,large body of water with city in the background
B1L0F53lBot,close up of text on white background
B1L0FDahuTI,plate of food and bottle of water on table
B1L0GJlg3jM,person standing on lush green field
B1L0GoQgUAV,dog sitting on tiled floor
B1L0GtUBuQc,group of people wearing costumes
B1L0H-1H1Px,person posing for the camera
B1L0H5BI09r,girl wearing glasses and looking at the camera
B1L0HS0gGs2,woman standing in front of mirror posing for the camera
B1L0Iecoubj,group of people posing for the camera
B1L0IvVAla9,close up of tree
B1L0JMNgdEQ,pair of black shoes
B1L0K46hCkH,person holding sign
B1L0KtuIpLO,person riding bike down dirt road
B1L0LPlDSeV,man standing next to woman
B1L0LxeoBXL,close up of man
B1L0Mb3Apjy,close up of hand
B1L0MUkHvm-,man wearing sunglasses driving car
B1L0MxRjW5t,man in red shirt
B1L0N1mFXqR,close up of device
B1L0NhCDmfM,person riding skate board on city street
B1L0OgQnCir,close up of feet wearing blue and red shoes
B1L0OIognGV,screenshot of cell phone
B1L0Oq5HCbR,close up of flower garden in front of mountain
B1L0OZyncjS,pan of food on plate
B1L0Py4hNkH,group of people in room with football ball
B1L0QjplkR5,group of people posing for the camera
B1L0QNbHXrA,close up of some grass
B1L0ZzZnmQJ,woman standing in front of fence
B1L28wrDY2O,woman holding sign
B1L2COxoIji,man throwing frisbee
B1L3-DsJcy_,man sitting on rock
B1L3-LDHmwF,woman riding on the back of bicycle
B1L30I1h8qI,screenshot of video game
B1L30IhHd86,group of people posing for photo
B1L30uCHjh9,woman wearing red shirt and smiling at the camera
B1L31AnijLo,man sitting on bench with mountain in the background
B1L32FPHI6r,woman holding football ball
B1L32S2HHrw,person swimming in the water
B1L334AhDZX,woman holding sign posing for the camera
B1L33CsBgdN,large clock mounted to the side
B1L33FDn4fu,screen shot of person
B1L3400jDRQ,screenshot of cell phone
B1L348NIl2W,man sitting on bench
B1L34CsnZp9,person is walking down the street
B1L34f5HeZo,man and woman standing in front of building
B1L34fGIgVt,woman throwing frisbee in wooded area
B1L34zTgVqs,close up of footwear
B1L35JLD_Fx,piece of luggage sitting on top of suitcase
B1L35zYihoa,woman talking on cell phone
B1L36cPFAAl,woman standing next to body of water
B1L36hSHDhN,close up of sign
B1L36m4A85J,person standing next to forest
B1L36xIgJvN,group of people playing football on field
B1L36xOA59g,group of people standing next to window
B1L371gAd0y,black and brown dog carrying frisbee in its mouth
B1L37MGHIj5,person swimming in body of water
B1L37UwndNu,group of people at table in front of building
B1L37VJoLAw,group of people sitting in front of brick building
B1L38alHPsW,man standing in front of mountain lake
B1L38JZHfZm,close up of plate of food
B1L38zCHgXv,person standing posing for the camera
B1L39iKn4DE,the tower of the city
B1L39J2A-rW,young boy riding skateboard up the side of road
B1L3hlSDasS,close up of couple of people that are looking at the camera
B1L3nIVh5s1,group of colorful flowers
B1L3OKZIKBE,person holding sign posing for the camera
B1L3OsKFwl7,girl in pink dress
B1L3p8iofZg,close up of logo
B1L3u-wHvXV,close up of map
B1L3ukIgsl3,close up of footwear
B1L3v9IBxD9,large body of water
B1L3vi9nx_8,person standing posing for the camera
B1L3vPmhLTt,group of people playing frisbee in the air
B1L3vr2hEO9,person standing on top of dirt road
B1L3w3UH9-3,person standing in front of mountain
B1L3woSoEjo,bag of luggage
B1L3wTZBp-a,close up of sign
B1L3wyBHAV7,man standing in front of sign
B1L3x7bDl7x,white and black shoes
B1L3xNdBY3S,bowl of soup
B1L3xsAgo60,person posing for the camera
B1L3yACjLu8,group of people posing for photo
B1L3yQsg3no,man looking at the camera
B1L3zYli3-d,man riding skateboard up the side of road
B1L3zZYhXNo,close up of black bag
B1L3_oSnP9l,close up of text on white background
B1L4a6IiaPN,clouds in the sky at sunset
B1L4ac0oBMJ,device with wires attached to it
B1L4AC5HtG_,screen shot of computer
B1L4Ai2AGeg,woman walking down street
B1L4APZAncf,close up of logo
B1L4AWPjifW,person holding gun
B1L4aXGHVPd,person wearing white shirt and black hair
B1L4b5eBPk8,group of people posing for photo
B1L4BfAIZHs,woman wearing hat
B1L4bG_I3k8,person is walking down the street
B1L4biwB0c0,close up of newspaper
B1L4C1iAoBi,woman standing on sidewalk
B1L4C3iAHBL,close up of building
B1L4c8cCW_B,man riding on the snow
B1L4CBVnZ03,screenshot of computer
B1L4CDZAKhZ,person holding guitar in front of mirror posing for the camera
B1L4ChECy_3,group of people standing around plane
B1L4CIIBMbL,flat screen television
B1L4CJ4HOma,man standing on sidewalk
B1L4CzUgVv-,woman standing in front of tree posing for the camera
B1L4da1Huba,woman posing for picture
B1L4Daahzex,person standing in front of mirror posing for the camera
B1L4dDRgUG0,person jumping in the air
B1L4dv6IfLZ,close up of cell phone
B1L4dWOBtoN,pair of skis in the snow
B1L4dYqJCPx,close up of footwear
B1L4dZIlEpj,person standing posing for the camera
B1L4D_ghBTs,close up of bottle
B1L4e1fgbeO,man standing in front of brick wall
B1L4e1zhcXM,large tree in forest
B1L4E3RAnHo,woman standing in front of mirror posing for the camera
B1L4eLcnrBV,person posing for the camera
B1L4eliISNR,group of people posing for the camera
B1L4ELsnJaT,man smiling for the camera
B1L4EYhAWzW,long bridge over river
B1L4FLwgtJL,group of people playing frisbee in the air
B1L4Fnmo4h_,group of people standing next to sign
B1L4Fv6F1Mj,hand holding piece of food
B1L4HcJHRRM,man that is standing in the grass
B1L4HZRH05O,dog with red leash
B1L4I15oJX2,man that is standing in the grass
B1L4IoigwHr,close up of logo
B1L4ISHgqgw,black sign with white text
B1L4IYaoIha,group of people on boat
B1L4J0fHwqF,man that is standing in the grass
B1L4J1Zg8T6,close up of clouds in the sky
B1L4JgwlOJz,man standing on top of sandy beach
B1L4JI0gGbx,screenshot of cell phone
B1L4JXrHaFA,close up of fruit
B1L4K30H2t1,small boat in body of water
B1L4Kb9I2sI,screenshot of cell phone
B1L4KFuohoV,man holding sign
B1L4KSTAJmR,boy wearing hat and smiling at the camera
B1L4KtmhRQR,person posing for the camera
B1L4Lc2jlhF,person standing in front of mirror posing for the camera
B1L4LqIHT2F,man wearing sunglasses and standing in front of fence
B1L4Ly6nIiM,close up of black device with screen
B1L4MoeDzXm,group of people standing in front of crowd posing for the camera
B1L4N7XoEE_,group of people holding sign
B1L4NLch8nU,large brown dog lying on the ground
B1L4O88h0jQ,black bottle on table
B1L4OkYnZuK,woman smiling and posing for the camera
B1L4PAtH6ej,smiling man in green shirt
B1L4PTAnN1I,box filled with different types of food
B1L4QFTl7rO,woman walking down street
B1L4Rbgnw26,man that is standing in the grass
B1L4RFphIZh,plate of food
B1L4RPsINiN,hand holding large pair of scissors
B1L4T5-FniQ,close up of sign
B1L4TEOowM3,person holding sign
B1L4UBiHqPO,group of people jumping in the air
B1L4UXBlGLp,man riding bike down dirt road
B1L4V3yAuFf,screenshot of cell phone
B1L4VFklRXo,group of people posing for photo
B1L4VMsgQpi,man wearing black shirt
B1L4Vp8Himz,woman wearing glasses and smiling at the camera
B1L4VQqnHNr,group of people riding on the back of motorcycle
B1L4W7hH7wi,group of people in field
B1L4X6THsyu,person holding sign
B1L4XgEHpgD,person holding child
B1L4XHFHbeY,screenshot of cell phone
B1L4XMdC8tD,group of people swimming in body of water
B1L4YPJorcL,stack of flyers on table
B1L4Zeuozpv,close up of sign
B1L4ZHsoSnh,person posing for the camera
B1L4ZNqpD8y,close up of text on whiteboard
B1L4ZuRpLXt,little boy that is standing in the grass
B1LBTr1oCHF,man throwing frisbee in grassy field
B1LcXLPIOGR,man and woman smiling and posing for the camera
B1LF33Dounu,group of people posing for the camera
B1LgK__ocoL,person standing in front of fence
B1LH9J2ojA5,view of snow covered mountain
B1Lhio4I8x3,close up of tree
B1Lj0ZeonKl,person posing for the camera
B1Ljci9Fd6A,man holding sign
B1LjvnQh700,woman talking on cell phone
B1LjZLzoCX9,woman wearing black dress
B1Lj_SJHsf-,woman sitting on bench posing for the camera
B1LkWwcnKLe,person jumping up in the air
B1Llkv5A8Rz,group of people that are standing in the grass
B1Lm1lPoHEZ,woman wearing underwear
B1Lm4wDop4w,woman wearing black shirt
B1Lm7wyIxvX,woman looking at the camera
B1Lm9gGIFSa,woman wearing black dress
B1LnmeuF2zP,woman standing next to tree
B1LnSgNBT9F,close up of footwear
B1LnsUxHjUI,pair of feet wearing blue and red shoes
B1Lnt7Oi0Ib,person jumping into the air to catch frisbee
B1Lob9EH1Ou,person stands in front of building
B1LoLDTiE3p,person standing next to forest
B1LpigwCmw6,sign on the side of fence
B1LRWDfotEn,person smiling next to body of water
B1Ls-adAaZT,close up of map
B1Ls-ViH8Yp,mountain in the background
B1Ls-wOoUuR,close up of map
B1Ls4-gAhDh,person taking selfie in front of water
B1Ls4-pojdt,close up of bowl of food
B1Ls50GAmD5,group of people flying kites in the air
B1Ls569hz0q,field of grass
B1Ls5CxDclj,tree next to body of water
B1Ls5gXiWpw,close up of slice of pizza
B1Ls5KpgeId,young girl holding football ball
B1Ls5USAI2O,man in blue shirt
B1Ls62CJLo1,group of shoes
B1Ls6qrA1DX,close up of toy
B1Ls6RqoPG4,tree in the middle of lush green forest
B1Ls6xfhiLB,close up of train station
B1Ls6Yyheee,bowl of soup and cup of coffee
B1Ls70VDWXz,close up of shirt
B1Ls7GZHVFe,an old photo of person
B1Ls7RHBHJG,city at night
B1Ls8jEoXjl,young boy standing on sidewalk
B1Ls9ECi0Hu,group of people posing for the camera
B1Ls9fknesW,person sitting on the ground
B1Ls9LXgYMX,close up of sign
B1Ls_HnhFfa,group of people posing for the camera
B1Ls_hYB8T6,plate of food
B1Ls_mMnmSS,person holding sign
B1Ls_WdITZR,close up of coffee cup
B1Lt4RzDcEx,pool next to body of water
B1LtArRgjlJ,screenshot of cell phone
B1LtBu6J30w,pair of black shoes
B1LtC9vAMfV,man holding snow board
B1LtCxiHj-R,person posing for the camera
B1LtD4RonA0,man jumping in the air doing trick on skateboard
B1LtDXZIcIE,view of city at night
B1LtEI1p8R2,man that is standing in the water
B1LtE_dBCRC,person standing next to body of water
B1LtF7vonYC,cat lying on top of grass covered field
B1LtFgpoDi0,boy wearing sunglasses
B1LtHDMBbUP,close up of rock
B1LtHNbDnma,boy swinging racket at ball
B1LtO7cgf0E,group of people standing in front of building
B1LtObDDL6O,man sitting on rock next to water
B1LtOpSAFB8,man posing for photo
B1LtOyNA95t,group of people posing for the camera
B1LtPb8nw6g,man sitting on boat in the water
B1LtPchBFYh,man riding skateboard up the side of building
B1LtPhKhUan,black and blue shoes
B1LtPtJHIe8,person standing in front of it
B1LtQ0TnA2R,person that is standing in the snow
B1LtQCqBeai,person riding wave on surfboard in the water
B1LtQgcn1Px,group of people walking down street in front of crowd
B1LtQoQFtt2,close up of sign
B1LtQt4H-fh,girl with ball in game
B1LtR46IxRT,path with trees on the side of river
B1LtRdjh2HL,group of people on beach posing for the camera
B1LtRgJFbe4,pink flower is in body of water surrounded by trees
B1LtRHcpgOi,banana tree in front of palm tree
B1LtRPVnReE,person sitting on beach
B1LtT9sIXeT,dog wearing red hat
B1LtTi1lfzY,man flying kite on the beach
B1LtTQ8nJnx,group of people posing for the camera
B1LtTYspbB3,person riding on the back of bicycle
B1LtU2inOg1,close up of map
B1LtU7ElaZ2,person standing in room
B1LtUBLpwiv,man swimming in the water
B1LtUi_C7HT,screenshot of cell phone
B1LtUlOgcxR,man standing in front of monitor
B1LtV-rCXTl,group of people posing for photo
B1LtVcBgXQ-,large tree in park
B1LtVpOgBIN,brown dog carrying frisbee in its mouth
B1LtWdZIe5C,young man jumping in the air
B1LtWfcBuEU,tree next to fence
B1LtWG5hMdc,screenshot of cell phone
B1LtWp-ISYP,group of people posing for the camera
B1LtXB5Itws,group of people on sidewalk near fence
B1LtXBlA4Hn,man wearing sunglasses taking selfie
B1LtXDcohhz,group of people posing for the camera
B1LtXeGoJXT,person posing for the camera
B1LtXO0BDRO,person standing in room
B1LtXwlISx3,group of people posing for the camera
B1LuaePpMpJ,person with football ball
B1LuaZAou6x,person lying on the ground
B1LuaZcivi4,group of people playing game of frisbee
B1LucYoCjUK,close up of map
B1Lud66gmJp,group of people standing in parking lot
B1LudD1Dc4Z,woman standing on beach
B1LudrhhZDF,train is parked on the side of road
B1Lue4Nnhyg,tree in front of body of water
B1LueVPgvXT,person posing for the camera
B1LueWbivYe,dirt road
B1LufF8npfd,car parked in parking lot
B1LufmbDu1P,person posing for the camera
B1LufrjFQ9W,man walking down dirt road
B1LufSBorGO,young girl jumping in the air
B1LufzMDiR7,woman smiling for the camera
B1LugE9ADna,large green field with mountain in the background
B1LugUEhJD3,person walking down dirt road
B1Lugxgla31,woman standing next to train
B1Luh2ehNB2,man holding book
B1Luijpl35b,close up of sign
B1LuiXwgHWv,person posing for the camera
B1LujeuDfLu,group of clouds in the sky
B1Lujp4IhBQ,man that is standing in the grass
B1LujvgB9hy,tree in forest
B1LujWwn6K-,woman posing for photo
B1Luk06HMp0,close up of newspaper
B1LukiLIBzr,group of people posing for the camera
B1LukRgg75L,man holding sign
B1LuktHg2xQ,person wearing hat and sunglasses posing for the camera
B1LulIxC5fm,man wearing red shirt
B1LumUQpnwB,person riding bicycle on sidewalk
B1LumzHo4QV,man wearing glasses
B1Lun8qgfX2,clock on the side of the road
B1LunC9BruL,motorcycle parked on the side of road
B1LunH_h8Av,sign above body of water
B1LunMwHdH7,woman holding frisbee
B1LunP8g6zP,woman looking at the camera
B1LuO76D4Q8,table topped with plates of food on plate
B1LurFYglnv,close up of footwear
B1LuUsRFgHL,group of people riding on the back of bicycle
B1LuXjHnMiw,man walking down dirt road
B1LuX_vpkwU,man wearing helmet with mountain in the background
B1LvaHgoVQJ,group of people posing for photo
B1LvaLenPFA,view of city at sunset
B1LvalzhyRl,man standing in front of mountain
B1LvATliBJ4,close up of hand holding cellphone
B1LvcyTAEZl,person lying on red rug
B1Lvd77CJ_a,bicycle parked on the side of building
B1LvdIInP2B,person posing for the camera
B1LvdJJBu5n,bunch of items that are on table
B1LvdQ-jvWB,person standing posing for the camera
B1LvDY4pKp7,hand holding book
B1LvdzpDkrE,person riding on the back of bicycle
B1LvfEdnnG2,tree in forest
B1LvfJUI8lo,close up of sandwich
B1Lvfx9AQ3b,group of people sitting posing for the camera
B1LvfZKodN9,hand holding snail on the ground
B1Lvg3fInMu,man standing in room
B1Lvg3yHuFO,person sitting on rocky hill
B1LvgfLiedU,large body of water
B1LvgHaC5_g,woman sitting next to body of water
B1LvhZiIi29,screenshot of cell phone
B1Lvi7vow6n,sign on cloudy day
B1LviarHPyp,bag sitting on top of bed
B1LviGTFuej,close up of colorful umbrella
B1LvIR0IIEV,group of people posing for the camera
B1LvjmPosiH,group of people posing for photo
B1LvjyeiogG,young girl wearing pink shirt
B1Lvk2HDZAW,sandy beach next to the ocean
B1LvkAOlIty,woman standing in front of building talking on cell phone
B1LvkJ4hBAc,close up of logo
B1Lvkk8H7JG,screenshot of cell phone screen with text
B1LvL8WgvV3,man riding skateboard up the side of road
B1LvlAvoSuj,man holding sign posing for the camera
B1LVvYlIZWP,close up of cat
B1LvZ4TnvkK,close up of sign
B1LvZayB6D5,man in blue shirt
B1LvZY1hZ35,tower with clock on the side of road
B1LvZyxB9Du,colorful blanket
B1Lw8RBHkpW,drawing of cartoon character
B1LwaTRnu0w,man jumping in the air
B1LwQ6XogYC,screenshot of cell phone
B1LxcFVHEjY,screenshot of cell phone
B1LxH8ZBKBI,close up of sign
B1LxHp9B1zh,group of people standing in front of crowd posing for the camera
B1LxhTjAIiV,herd of cattle walking across lush green field
B1LxhxIon0O,close up of map
B1LxHz4hnaM,woman walking down the street
B1LxH_DAKUb,close up of flower
B1LxIMsBpNK,large tree
B1LxJ7dh_--,group of people on beach
B1LxJM-h6AE,drawing of face
B1LxJnNBh4q,rainbow in the background
B1LxJY1C4nK,tree in forest
B1LxJYYndc3,young boy standing on sidewalk
B1LxK5MHBiv,dog lying on the ground
B1LxK9BIszU,large body of water with city in the background
B1LxKr5AKhH,group of people posing for photo
B1LxKs5JtUL,person sitting in front of brick building
B1LxL-xoQfk,tree on dirt road
B1LxLjRJ8qZ,brown dog sitting in the grass
B1LxLKgnSk8,person holding dog
B1LxLVRF_N7,man riding skateboard up the side of road
B1LxLx6gfsr,close up of lush green field
B1LxM-fDbe8,screenshot of cell phone
B1LxMbLIWIJ,close up of street in front of brick building
B1LxMK-H-UH,bicycle parked on the side of building
B1LxMLHhxiB,person sitting in living room
B1LxMLjntGZ,group of people walking down the street
B1LxMR5h5Fk,drawing of person
B1LxN4gA9y1,person sitting on the side of mountain
B1LxN5OhsZy,close up of sign
B1LxNH6Dyrm,person standing posing for the camera
B1LxNJuDrry,young man riding skateboard up the side of building
B1LxO4PIoq_,person standing in front of building
B1LxOGsHFFB,body of water
B1LxOOdJLRJ,woman holding sign posing for the camera
B1LxOXngKG9,person posing for the camera
B1LxP1pBdjj,large green field with trees in the background
B1LxPgKiZGi,woman wearing hat and sunglasses
B1LxPKEBhLB,close up of text on white background
B1LxPQwA97A,screen shot of video game
B1LxprfHPpw,group of people standing on top of snow covered mountain
B1LxPzqIzoq,group of people posing for the camera
B1Lxq2aAO5M,tree in the middle of the street
B1LxqEoBnKe,group of people playing frisbee in field
B1LxQLVp5pt,little girl posing for photo
B1LxqN8hR1W,boy wearing hat
B1LxqYjBPJw,group of people on beach posing for the camera
B1LxQYui8uB,woman smiling and posing for the camera
B1LxrDMnkhx,man walking down dirt road
B1LxrPMHV9q,screenshot of video game
B1LxrrHn2AU,close up of map
B1LxrS4B2IP,man sitting on bench
B1Lxs9qjiaB,statue of man in garden
B1LxsfWJGW4,group of people standing on top of grass covered field
B1LxswbhjLP,close up of text on white background
B1Lxt37nj2l,banana tree with green leaves
B1LxtIMgjAr,close up of stereo
B1Lxtj_II8F,group of people posing for photo in front of sign
B1LxtkWIyOY,screenshot of cell phone screen with text
B1LxtSBnwDZ,man riding skateboard up the side of road
B1LxtYHI6Ar,group of people standing next to fence
B1LxUjnn-gf,tree on rocky hill
B1LxuRoHl9O,close up of map
B1LxuyFp8aA,little girl posing for picture
B1LxvEFH4Yb,close up of light
B1LxvlOhUCY,group of people posing for the camera
B1LxvQdBGlW,screenshot of cell phone screen with text
B1LxvqgBPu6,person posing for the camera
B1LxvUKItCF,train is parked on the side of road
B1LxWcLjM7H,person posing for the camera
B1Lxwe2Ansn,close up of sign
B1Lxx2UoVpp,cactus in front of tree
B1LxxY-Hzdc,woman holding racket
B1LxxYeIzLH,person holding sign
B1LxyBChFGc,young girl standing on sidewalk
B1LxymDnIZu,hand holding blue object
B1Lxysyp1Be,person posing for the camera
B1LxyTIpBy2,person holding sign
B1Ly-halsZc,close up of black bag
B1Ly-pdn2vE,tree on grassy hill
B1Ly0R1BW5y,box filled with different types of food on plate
B1Ly0vyo4jV,person sitting at beach umbrella in the sand
B1Ly0zpnJEo,group of people walking down the street
B1Ly0_YnYEE,person sitting on bench in park
B1Ly172AIiS,group of people posing for the camera
B1Ly1cMItBR,sign in front of building
B1Ly1fDHgAs,person holding yellow board
B1Ly1lvo6Qh,group of people posing for the camera
B1Ly2HxgECj,man holding sign
B1Ly2TTpxMv,woman smiling for the camera
B1Ly2WGjKmk,red and black shoes
B1Ly35oi4_V,close up of text on white background
B1Ly3GolroL,person standing on the floor
B1Ly3jUnqRU,herd of sheep grazing on lush green field
B1Ly3tFHycp,tree in forest
B1Ly41aBvYa,girl in pool of water
B1Ly43oC5Ol,person standing on beach
B1Ly4gEoxUv,large brown dog lying on tile floor
B1Ly4I2hTwL,person standing in front of mountain
B1Ly57zoHvA,group of people posing for the camera
B1Ly6DcgFjB,person sitting on wooden surface
B1Ly6HyFN_8,screenshot of cell phone screen with text
B1Ly6IvIoGK,group of people posing for photo
B1Ly6Q6Ib04,close up of bottle and glass of wine
B1Ly6qehA2E,close up of text on white background
B1Ly6YHAbBZ,group of people standing in front of building
B1Ly7bbB9UZ,long green grass
B1Ly7XXJsRU,bunch of food on table
B1Ly85zoP3y,bridge over body of water
B1Ly89AgTnT,person posing for the camera
B1Ly8teoWco,tree with mountain in the background
B1LyhGLCRmq,woman wearing swimsuit
B1LylJ_HIQu,close up of man wearing sunglasses
B1LyMYcoq5M,man in swimming pool
B1LyRYYFnmv,young boy standing in front of building
B1LysrNIRj1,man standing on rocky beach
B1LytmHHpV6,tree with mountain in the background
B1LyuNDiAM5,person that is standing in the grass
B1Lyv8NnQb-,group of people walking down sidewalk
B1Lyvf6neZM,person standing next to forest
B1LywhCBJLo,group of people posing for the camera
B1LywocJ_Ox,group of clouds in the sky
B1LywtgoMJT,man riding skateboard down the side of road
B1LyxRZnqZF,close up of dry grass field
B1LyxYqIlbo,person walking down dirt path in forest
B1LyxZdI--a,close up of map
B1LyyshnAUS,sign on pole
B1LyyzYgM-l,sign on the side of road
B1LyzIuhbKZ,woman posing for picture
B1LyzlIJB21,man holding sign posing for the camera
B1LyzMEIlfB,group of people swimming in pool of water
B1LyzsYIcjI,piece of cake on plate
B1Ly_IzBESq,man holding sign
B1Lz-4KAA_i,woman sitting on bench posing for the camera
B1Lz-eCIwWA,cup of coffee sitting on top of wooden table
B1Lz-IxoX1p,person reading book
B1Lz-M9IEOW,group of people on court with racket
B1Lz-NJDq83,group of people posing for the camera
B1Lz-ZGILpf,person standing in forest
B1Lz0TNBv63,person holding sign
B1Lz0zlpTVC,close up of monitor
B1Lz0zQAjhm,close up of map
B1Lz1ChoKub,blue blanket
B1Lz1jADn72,person walking down the street
B1Lz2exjceR,sign on the side of fence
B1Lz3BVINEO,person posing for the camera
B1Lz3Eonv1S,black and yellow hat
B1Lz3L5CfaG,close up of bowl of salad
B1Lz3pZohwS,pizza sitting on top of wooden bench
B1Lz4cyH_-o,dog lying on the grass
B1Lz4HwBdQ1,dish is filled with food
B1Lz4WNH4Od,little girl in blue shirt
B1Lz4Z-pXKP,man standing next to tree
B1Lz5akoXDM,sign on the side of road
B1Lz5cKozzp,man wearing black shirt
B1Lz5cwH6rW,man standing in front of building
B1Lz5_9nkRV,man riding skateboard on rail
B1Lz6AJo0B9,man wearing hat
B1Lz6CeBniq,person sitting at train station
B1Lz6JUHe7v,woman walking down dirt road
B1Lz6MBof5X,close up of book
B1Lz70GH84L,person standing in front of building
B1Lz7E4BEW3,close up of feet wearing blue and black shoes
B1Lz7EhC8hg,large white dog lying on the ground
B1Lz7ivFDdX,view of city next to tree
B1Lz7mFnqGy,close up of hillside next to body of water
B1Lz7UVhU0c,woman wearing sunglasses taking selfie
B1Lz853lcp4,group of people posing for the camera
B1Lz8GUJ8zu,pink flower on plant
B1Lz91dIjpr,bag sitting on top of bed
B1Lz9g8HRvP,man walking on path in the forest
B1Lz9tWISRX,body of water
B1Lz9voBPD1,person posing for the camera
B1Lza6AlJns,man in suit standing in front of building
B1LzaHGoq-2,group of people standing in front of crowd
B1LzajQoTjO,young girl smiling and taking selfie
B1LzbDPBwxa,black sign with white text hanging from ceiling
B1LzcK0IdTd,man standing next to tree
B1LzcPthXYQ,man talking on cell phone
B1LzdhBIyBE,person holding dog
B1LzdpPI9aI,man smiling for the camera
B1LzDx7Bevn,person sitting on rock
B1LzdX_iioV,person posing for the camera
B1LzEeQlJHb,person standing posing for the camera
B1LzEfShCFh,boy smiling for the camera
B1LzeGtgmSj,group of people walking down road
B1LzEnrooyn,person standing next to forest
B1LzEO8lXUe,group of people posing for the camera
B1LzEpElR2Q,man with football ball
B1LzESCIOZL,person wearing helmet
B1LzeTEHXmE,young boy riding skateboard up the side of road
B1LzEyPB6Tq,person standing posing for the camera
B1LzFm7nbIm,screenshot of computer
B1LzfwxFgEq,glass of beer on table
B1LzG0dA1zi,person standing next to dog
B1LzGCYIe1V,person and dog in field
B1LzGEhhZ75,group of people posing for the camera
B1LzglfI89T,young girl riding skateboard down street
B1LzGlxlnGZ,person wearing hat
B1LzGN3o2p_,bridge over body of water
B1LzGQMBAaE,group of people wearing costumes
B1LzgVqHi8-,group of people playing football on field
B1Lzh1ZhETA,bunch of items that are on table
B1LzHNTH8Pf,screen shot of monitor
B1Lzhs-BcNi,close up of map
B1LzHs5H67l,hand holding bottle
B1LzHVwIsdy,group of people standing in front of crowd
B1LzI0EAXb-,close up of feet wearing blue and red shoes
B1LzI8aohfJ,piece of luggage sitting on top of chair
B1LzI8Qhjrw,group of people posing for the camera
B1LzIBqAv-j,screenshot of cell phone
B1LziIsgsna,man standing on rocky beach
B1LzIxRJ0se,screenshot of map
B1LzjQyHdXG,tattoo on his feet
B1LzjuyJNXZ,hand holding cellphone
B1LzJwOIp7Q,statue of person
B1Lzk88gcSf,screenshot of cell phone
B1LzkDHn5Po,screenshot of cell phone
B1LzkF_BgoP,screenshot of cell phone screen with text
B1Lzkjznh4v,person posing for the camera
B1LzKncIoE8,tree in the middle of forest path
B1LzKNFHIjU,person riding surf board
B1LzKQkoSIU,group of people walking down street
B1LzKXbI5I3,person wearing costume
B1LzkYeogKJ,group of people sitting at beach
B1LzL4FAbBi,close up of stop sign
B1LzlcGiPFl,close up of map
B1LzLcsBxkT,woman standing on the road
B1LzLDLoIVR,couple of people that are standing in the sand
B1Lzlf0llo7,close up of watch
B1LzlqjFlMg,person standing in front of water
B1LzlV4IstM,dog standing on beach
B1LzlwSlHOQ,person sitting in park
B1LzlX_BSb4,group of people playing frisbee in field
B1LzmTfhrYH,sunset over body of water
B1LzmTPo044,man and woman taking selfie in car posing for the camera
B1LzMZ8j7e1,person standing next to body of water
B1LzN3UCRT9,close up of map
B1LzN7ghYfc,group of people that are standing in the grass
B1LzN7IosS1,person sitting on bench
B1LznDCAptQ,group of people walking on beach
B1LznHipZCT,person holding sign
B1LznxNl0Ma,group of people posing for the camera
B1LzONOo0ZX,close up of feet wearing blue and black shoes
B1LzOoaBjZg,statue of person
B1LzopvgLPb,person walking on bridge
B1LzOQ8B4Tw,close up of subway station
B1LzOUxniNY,screenshot of cell phone
B1LzOwHoOp-,group of people posing for picture
B1LzoWQoK68,young man riding bike down dirt road
B1LzPjyBV9x,woman wearing helmet posing for the camera
B1LzpK_BNgg,large body of water
B1LzPsYomLy,group of people looking at phone
B1LzpudBznS,man riding bike down dirt road
B1LzpuyFaBw,person eating donut
B1LzQ4Rglqv,woman posing for picture
B1Lzq5EHuMK,person walking down street
B1LzQD1HxSb,man sitting on the side of road
B1LzqH1F2WX,person holding sign
B1LzQPfDgdE,woman sitting on bed
B1LzqT0AVM7,close up of text on white background
B1LzQt1iBnV,close up of map
B1Lzqt9H0Os,person cutting piece of paper
B1Lzr01nPil,circuit board
B1LzR1GFBr8,group of people standing in room
B1LzR8eAhLa,group of people posing for the camera
B1LzrJTBBeS,person posing for the camera
B1LzrxzBKwX,sign above store
B1LzRyZoRZ9,man smiling in park
B1Lzs8NhUJs,group of people posing for the camera
B1LzSoOnT2T,person is walking down the street
B1LzSpKj0pM,hand holding cellphone
B1LztaHAMH_,close up of text on screen
B1LzTDxB_Dx,person wearing helmet posing for the camera
B1Lztkoo7bN,woman lying on the ground
B1LztoQgtqO,person posing for the camera
B1LzU2HoIL2,group of people standing in front of crowd posing for the camera
B1LzU7nnTRe,close up of plate
B1LzUJQAH-0,man in white shirt
B1LzUK9gvwB,woman wearing costume
B1LzuMbnCOj,close up of snow covered mountain
B1LzUmrofAR,long road with grass and trees
B1LzuoNIfbC,close up of tree
B1Lzv-Vhq9X,hand holding cellphone
B1Lzv52HCAe,woman standing on beach
B1LzVLqIE9L,close up of map
B1LzW5wA6qt,close up of logo
B1LzWEiJX7O,sunset over body of water
B1LzwhTpWsU,black and white photo of plane
B1LzwLdo9T9,large body of water next to the ocean
B1LzWNnCCiK,sign on the side of road
B1LzwNnHWHr,screenshot of cell phone
B1LzwPCHWv6,turtle on white surface
B1LzwrUhHpj,person standing in room
B1LzwyiI1cf,young boy playing frisbee in grassy field
B1LzwZDgNov,close up of card
B1LzX1GIoU8,body of water
B1LzxifHI6s,cup of coffee on table
B1Lzxp6jdxB,man wearing hat
B1LzXQWByo2,group of people posing for the camera
B1LzXRloXJu,person wearing green shirt
B1LzXTahF5J,man driving car
B1Lzy-Olvvd,bicycle parked in front of building
B1LzY5SnPmP,an orange and white cat sitting on table
B1LzYcWHp4J,group of people posing for the camera
B1LzYRcid8R,man riding skateboard down street in front of brick building
B1LzyxSFqIL,tray of food on table
B1LzyXsnOmV,person posing for the camera
B1LzZ4ch-gt,large passenger jet sitting on top of parking lot
B1LzZ4fH9sO,woman standing on sidewalk
B1Lzza0nVjV,man flying through the air while standing on top of mountain
B1LzzYAA2qo,smiling man and woman posing in front of body of water
B1Lz_I1FRYq,man wearing red shirt
B1Lz_ShHBOd,group of people around track
B1Lz_yDoa5P,woman standing in front of palm tree on beach
B1M1tTaHyHL,clock in the middle of body of water
B1M2xBYgVDa,close up of person
B1M6JDWnj7s,person standing in front of crowd
B1M8uMTH2P-,close up of person
B1MAKMciikG,group of people posing for the camera
B1MceeYipZ6,woman wearing sunglasses taking selfie
B1Mchx6oS3V,body of water surrounded by trees
B1MDbAhF0Nf,woman wearing green shirt
B1Mgq12otfc,man riding bike down dirt road
B1MtAs0D-ha,young man riding bike down dirt road
B1MxyXEH-Rq,person sitting on bench in front of building
B1N0haxHxha,bunch of fruit sitting on branch
B1N0inigAAE,person lying on the ground
B1N0jcBoTp4,man standing on top of sandy beach
B1N0jhsCh0H,train traveling down train tracks near forest
B1N0kgThr1F,close up of cell phone
B1N0kSfIWR-,dirt road
B1N0lhxnsSP,close up of pink background
B1N0lIYHdq-,group of people posing for the camera
B1N0lPsn39j,man holding sign posing for the camera
B1N0mLSgrXs,person standing in front of mirror posing for the camera
B1N0o5HCOh4,close up of map
B1N0oSYgMu6,woman posing for picture
B1N0oTxoX53,close up of woman
B1N0p8og4uz,man holding sign
B1N0pTTnwY_,person sitting on chair
B1N0sDmIJdU,person posing for the camera
B1N0sLfH6Ml,pair of sneakers
B1N0syrAwbg,close up of logo
B1N41UihZ9R,man in black shirt
B1N6XrHAE7T,man in white shirt
B1N9NWzIgFc,little girl standing in front of building
B1N9OceH4h1,screenshot of cell phone
B1N9OgnCQUf,man in pool of water
B1N9OZFoM9s,man wearing hat
B1N9P3pooeY,sign on the side of mountain
B1N9RbNofoU,man standing on sidewalk
B1N9RghoLU1,man jumping in the air
B1N9Rn9Atm9,group of people sitting at table posing for the camera
B1N9Td0CofO,woman talking on cell phone
B1N9ThElPZo,man talking on cell phone
B1N9TtPAsUF,group of people standing in front of crowd posing for the camera
B1N9UpHiNoB,close up of book
B1N9UzfgWXB,sign on the side of building
B1N9V4UDwZi,pair of black shoes
B1N9WhvHrk6,herd of animals standing on top of dirt field
B1N9Wp4losD,close up of bridge with mountain in the background
B1N9WVTnilt,person riding skateboard up the side of road
B1N9XjjIopj,person holding sign posing for the camera
B1N9XXsAeOO,young boy sitting on stage
B1N9ZDriqgH,large body of water
B1N9ZEiC36g,close up of logo
B1N9ZHinlyy,man sitting on table
B1NA9dZAh57,young girl jumping in the air
B1Nbov5gO0j,person riding skateboard up the side of road
B1NdmUOn4mG,statue of box
B1Ne-2wHMa8,close up of food on plate
B1NHiSwHCxF,person on court
B1NkJnsnQlS,girl riding wave on top of body of water
B1NLanQBSxD,woman standing on beach
B1Nlj_dCNyV,man standing in front of mountain
B1NmKp6oFNI,person posing for the camera
B1NoCyWiiNA,group of clouds in the sky over body of water
B1NQ9paAOGd,person riding skateboard down the side of the road
B1NRmfKniHX,woman holding phone
B1NrPnqooB_,man and woman sitting at table
B1NRU9Dn93Z,person sitting on bench
B1NsCjIiz6J,little boy that is standing in the grass
B1NspRwolri,woman throwing frisbee
B1NsWlEIIsE,woman standing next to fence
B1NtalEoJvw,man on horse
B1NthOzIhT_,group of people that are standing in the grass
B1NvZSonWAv,group of people jumping in the air
B1NwSlRCcM1,woman standing on beach
B1Nxa9Klykz,birthday cake
B1NxaOxl1aO,pair of black and white shoes
B1NxbmeoJYm,man smiling with water in the background
B1NxbxVB9aO,plate of food on table
B1NxcLuH2Vm,body of water with mountain in the background
B1NxO3ci4En,person posing for the camera
B1NxO7gIXqr,group of people walking down dirt road
B1NxPa5HM52,group of people posing for photo
B1NxQbBFGmO,man standing in front of cloudy blue sky
B1NxTAUIsha,man standing in front of sunset
B1NxUbonanG,close up of newspaper
B1NxUWDBPlT,group of people standing in front of crowd posing for the camera
B1NxUWmlG1G,piece of luggage
B1NxVhUITee,group of people posing for the camera
B1NxVZrg1T6,man standing next to body of water
B1NxWfsBmzH,close up of sign
B1NxWnVImEb,man with his mouth open
B1NxYZJlIIR,group of people posing for the camera
B1NxZaMASJy,group of people on street
B1NxZgOg78f,sign on the side of road
B1Nyr-TIN8Q,woman riding on the back of motorcycle
B1Nzah5nB1d,close up of map
B1NzaiYINM-,screenshot of video game
B1NzaRznE8m,pair of shoes
B1NzaV7IwLX,screenshot of computer
B1Nzavbon-x,tree with mountain in the background
B1NzbvSo4pA,close up of text on white surface
B1NzbztgWTS,sign on the side of river
B1NzcJfH_O9,woman wearing black dress standing in front of curtain
B1NzdddIEoO,close up of smoke
B1NzdEqoLhU,body of water
B1NzdURDOJl,close up of text on white background
B1NznuBIwT2,man wearing glasses
B1Nzo5anLdS,pair of white shoes
B1NzoOXBLgG,man and woman taking selfie
B1NzoyZF4BU,couple of people posing for picture with dog
B1NzpD2nEx0,bottle of wine and glass of beer
B1NzpmYCJZ9,person posing for the camera
B1NzqQzHPAi,screenshot of cell phone
B1NzqR8g6hk,close up of map
B1Nzr5IoyDP,group of people standing on top of mountain
B1NzrHjn26J,man standing in room
B1NzrTGIWan,person with red hair and sunset in the background
B1NzrydneHn,young boy riding skateboard down sidewalk
B1NzsyLFb-W,group of green plants
B1NzsZrg0b-,group of people standing in front of store
B1NztDNlHWS,group of people on beach
B1NztruIFAJ,cup of coffee on table
B1Nzu87BDy6,close up of text on black background
B1Nzu8FAXoH,tree next to body of water
B1NzuDCn292,little girl smiling at the camera
B1NzvDKiOIE,person sitting in basket
B1NzwboCNrZ,person is standing in the dirt
B1NzwkIoxV4,person posing for the camera
B1NzwWwIBn9,group of people standing next to tree
B1N_2ARC5ff,group of people jumping in the air
B1Oa-HUHBXw,close up of book
B1OA-jghHFm,sign on the side of building
B1OA-qoCe6Z,bird standing on top of grass covered field
B1OA-ZQokWx,man standing in front of building
B1OA1MHIgLM,water next to the ocean
B1OA3Z4oEH_,woman posing for picture with mac the moose in the background
B1OA5lAneDI,woman walking down dirt road
B1OA5lToXra,person sitting on display in store
B1OA5tSHvq5,close up of text on white background
B1OA5vKoMcx,woman holding football ball
B1OA5y-hct3,group of people posing for the camera
B1OA67Oobnu,person throwing frisbee in forest
B1OA7I-ossQ,man wearing helmet standing next to mountain
B1OA7WvIo32,person that is standing in the grass
B1OA8JsB_cK,woman sitting on couch
B1OA8tFooGO,man throwing frisbee on dirt road
B1OA96KnX9z,red car parked next to body of water
B1OA9BTDmBE,hand holding cell phone
B1OA9NZhz_p,plane flying through cloudy blue sky
B1OA9tFHE8G,person holding bottle
B1OA9v2Clt7,man holding sign
B1Oagr9DW7-,man looking at the camera
B1OahryAqdv,close up of book
B1OahYogf78,screenshot of cell phone
B1Oajjejt6f,screenshot of video game
B1OajnYnavS,man wearing red hat
B1OakCSnPJN,black sign with white text
B1OakEPhEjv,box filled with different types of food on tray
B1OakGyCpXI,person sitting posing for the camera
B1OakNMn6fq,man standing on sidewalk
B1OalwDg_Sz,young girl playing game of frisbee
B1OalXDo8FL,river running through body of water
B1Oam1XDwNU,large body of water
B1Oame5jLJa,red white and blue shoes sitting on top of grass covered field
B1OAmKtixYO,display in store
B1OamO5jsjc,person walking down sidewalk next to tree
B1OamUkFKne,woman sitting on bench
B1Oano5ntA9,man flying kite
B1OanSLHt_Q,man standing in front of building
B1OanV4ALkO,man wearing hat and smiling at the camera
B1Oao52gcky,screenshot of cell phone
B1OaogoHKoI,person taking selfie
B1OaounBiuo,group of people on field
B1Oaqw7hoNl,group of people posing for the camera
B1OaqylncRr,screenshot of cell phone
B1Oar0eB6rc,man riding skateboard up the side of road
B1Oarfxn1fN,group of people standing in front of crowd
B1OarxpDQ3r,woman standing in room
B1OasnonceK,sunset over body of water
B1OAV8tBmLt,screenshot of cell phone
B1OAwaUoiqB,man riding bike down dirt road
B1OAX8Nhebt,woman wearing black dress
B1OaXO2HWL2,group of people playing game of football
B1OaxsTlgRx,group of sheep standing next to wire fence
B1OazOkHUN8,young man riding surfboard in the water
B1OA_MMnplv,person holding baby posing for the camera
B1Oa_ZrHufY,man walking down dirt road
B1Ob0cXHbrL,man flying through the air on snow covered mountain
B1Ob0dII65J,person holding sign
B1Ob0iXBSxW,group of people standing on sidewalk
B1Ob1BOHI4z,person standing on beach
B1Ob2SuH5wG,woman jumping into the air to catch frisbee
B1Ob3xzAOZz,group of people posing for the camera
B1Ob42cDsmy,large body of water with city in the background
B1Ob4FvnHCl,man holding sign
B1Ob6hthipc,close up of sign
B1Ob7N_ldsw,man riding on the back of bicycle
B1Ob9f0lqp3,woman standing in front of sunset
B1Ob9VMAQd_,woman smiling for the camera
B1ObA0HAtn0,large green field
B1ObA3ulJLG,person with collar shirt
B1ObabkoRpD,close up of sign
B1ObaL7h1v5,sign on the side of road
B1ObAPqozqW,group of people walking down the street
B1ObaZSn4hW,sign lit up at night
B1ObA_CCiAl,group of people that are standing in the water
B1OBA_qh02k,man flying through the sky
B1Obb1-ooXX,man talking on cell phone
B1ObBjnHXFJ,bunch of items that are sitting on table
B1OBbLgIq7j,man holding frisbee
B1OBbnGBELm,man standing on the side of road
B1ObboLnyj0,woman holding cell phone
B1OBcctg1Et,dog walking on path with trees on the side of road
B1Obcdzn7ma,girl taking selfie
B1ObchXnoCA,woman standing in the grass
B1ObCjroPwY,group of people posing for photo
B1OBcm4AJTk,city street
B1ObCntImqf,person posing for the camera
B1ObcUhHqVf,man riding skateboard down street
B1ObCVGH-Y9,man standing on sidewalk
B1ObCWuFm8i,bag of luggage
B1Obd0fly6y,man that is standing in the grass
B1ObD6QCiRp,smiling man in blue shirt
B1ObDdMAY94,man smiling for the camera
B1Obdh5ouWk,close up of bridge
B1OBdhjnfp2,young girl taking selfie
B1OBdjUi2WT,tree in forest
B1OBDvHn8z1,man doing trick on skateboard
B1OBD_eC5BH,close up of tree
B1Obe7yCGZh,person posing for the camera
B1Obed2n382,screenshot of cell phone
B1ObEENI0HS,person lying on the ground
B1OBefCHBHG,woman wearing hat
B1ObEHglxPP,bird sitting on top of grass covered field
B1ObEHvA3ZE,person holding cell phone
B1OBErnBxl2,woman looking at the camera
B1ObeVmioyZ,small clock tower in the middle of forest
B1ObFhKHC1s,man and woman standing in front of beach
B1OBfkhIe18,man wearing red shirt is looking at the camera
B1OBfmShktr,cake sitting on top of table
B1ObFPzIV4Z,flock of birds sitting on top of pier
B1ObfScCsY9,woman holding little girl posing for picture
B1ObfSXoaQC,close up of man
B1ObFT0Cd31,man smiling for the camera
B1ObfvehPPv,close up of pair of black shoes
B1Obfw3BKK9,group of people posing for the camera
B1OBg4zo2bg,man standing in front of building
B1ObGaLH0uX,woman holding sign
B1OBGCPorjS,person posing for the camera
B1OBGE1HHXC,man riding skateboard up the side of road
B1OBGhvB78Q,group of people sitting on bench
B1OBglDn0sN,screenshot of cell phone
B1ObGo4ngZC,clock that is on display
B1OBGRhII65,group of people playing frisbee in field
B1ObgSsHmZb,large tree
B1ObGYXn5O3,man wearing uniform and standing in field
B1OBhD8olEj,group of people posing for the camera
B1OBhfCHmOd,flock of birds flying in the sky
B1OBhiGAny-,car parked in parking lot
B1OBhM6Cqs5,person riding on the back of bicycle
B1OBhowHKsp,little girl standing in garden
B1ObhQwB3wf,slice of cake and ice cream
B1ObhTlnTDT,man looking at the camera
B1OBI1So0-h,screen shot of video game
B1Obi9vHlKJ,close up of lush green forest
B1OBIg6IeEb,view of city at sunset
B1OBIHUHJ-I,man wearing blue shirt
B1OBIhzCP-J,group of people posing for the camera
B1ObiJ1lVd2,close up of horse
B1ObiQ6IZfN,person standing on top of mountain
B1OBIq9jQLI,person standing next to body of water
B1OBIUcnqKN,close up of toy
B1Obi_onqVS,airplane that is parked on the side of fence
B1OBi_zlM96,person holding dog posing for the camera
B1OBJ2hIrQh,woman taking selfie
B1OBJABI8g2,man wearing sunglasses posing for the camera
B1OBJBnAm5r,close up of flower
B1OBJEwArZd,hand holding water bottle
B1OBjLmIBHh,tree in forest
B1OBjTeI-SG,woman taking selfie with group of people posing for photo
B1OBjZliiHl,screenshot of video game
B1ObK3dgTHc,group of people posing for the camera
B1Obk7Jhy4f,bicycle parked in front of brick building
B1OBkcxIWXY,man jumping in the air doing trick on tree
B1ObkJNFfJO,screenshot of cell phone
B1ObkkLAjYX,little girl wearing hat
B1OBKnol54Z,black sign with white text
B1ObkoZgV7D,person holding book
B1ObkZWB61s,person in forest
B1OBL0mBspN,white plate topped with meat and vegetables
B1OBLA-njxG,woman walking down road
B1OblbDiU21,man sitting in chair in front of window
B1OblFNAzuU,person holding sign
B1OBlNQhTgW,person wearing black shirt
B1OblOWnohI,woman posing for picture
B1OblzCHY_S,woman sitting on couch
B1OBlzRllc2,close up of flower
B1ObmCsoGXz,woman walking down road
B1ObmePh3Nf,person lying on bed
B1ObmgZnPoo,woman wearing hat and smiling at the camera
B1Obmqdnfc3,woman smiling for the camera
B1ObmRoISbg,woman walking down dirt road
B1ObmxKhq7v,person sitting on bench in front of building
B1Obn9ljoXP,man wearing suit and tie
B1ObnAdIa79,group of people standing next to person
B1OBNfpACKB,person standing next to forest
B1ObnnlAWoo,screenshot of cell phone
B1OBNo-hkAH,person and dog in the water
B1OBNrvBcY3,man standing in front of building
B1OBo-JI8Cf,man riding bike down dirt road
B1OBOECoVfn,man wearing sunglasses
B1OBOgMnuVJ,close up of sign
B1OboK5BpBS,person standing in front of mirror posing for the camera
B1OBoNyFkRi,group of people on sidewalk
B1ObooAH4xG,man wearing red hat
B1OBOxGnuNA,person holding sign
B1ObozyAVLv,close up of cell phone
B1OBpBPFFTM,screenshot of cell phone
B1OBpE0IyvB,sign on beach
B1OBppEHyql,man standing on rock next to tree
B1Obq9noDsK,person holding sign
B1OBqgyn74i,bouquet of flowers in vase on table
B1OBqlWoIrT,close up of some grass
B1OBQZUoLG7,person on rocky hill with mountains in the background
B1ObrkpofTY,group of people posing for the camera
B1OBRRanVe1,group of people on beach
B1OBrSfopqr,group of people standing in front of crowd
B1OBRvJAnXl,group of people standing on rocky beach
B1OBSEOHBsQ,hand holding cellphone
B1OBsGDI3i_,group of people posing for the camera
B1OBsHgHXaI,small plane is holding pink umbrella
B1OBSkcFQ-Q,person standing in front of building
B1ObSkiHPMM,woman sitting on table
B1ObSnDgEaW,person standing in front of building
B1ObsptAIq-,close up of map
B1OBSXLHHjK,man holding his hands up
B1OBszcIHvN,group of people in park
B1Obt0vlW5d,stack of flyers on table
B1ObT68hKm-,close up of car
B1OBTDtgrrd,close up of sign
B1ObtkeAIPk,plane flying in the sky
B1OBTM1I2BC,woman posing for picture
B1ObtNYHqkV,man standing in front of mirror posing for the camera
B1ObTppINn0,group of people riding on the back of bicycle
B1OBtswHZJk,close up of piece of paper
B1ObuCiFBz4,person wearing blue hat
B1OBuGIn8et,person standing in room
B1OBUIXo036,screenshot of cell phone screen with text
B1OBUL_I23l,variety of items on table
B1ObunkjJJ4,close up of pair of feet on table
B1OBUoBg-I7,close up of light
B1Obupgny8U,dog with frisbee
B1ObUtEHIn1,girl in blue shirt standing in front of building
B1OBUvnFrzI,group of people jumping in the air
B1ObuvnHU5n,man throwing frisbee in forest
B1OBv34Hnt2,group of people posing for picture
B1Obv5tjrT4,tall buildings in the background
B1ObVEYniCm,person running down dirt road next to tree
B1ObvhKnaeb,woman in black dress
B1ObviNgbWB,pair of black shoes
B1ObVm8A1IR,man and woman at park
B1ObvMIC75j,woman sitting on the ground
B1ObVnune6X,group of clouds in the sky
B1OBw1tIUB6,group of people standing on top of sandy beach
B1OBwavB962,screenshot of cell phone
B1ObwENlYB_,group of people on beach
B1ObWg_gW0S,group of people posing for the camera
B1ObWhRig9R,woman in blue shirt
B1ObwK3DlkG,man wearing sunglasses taking selfie
B1OBWx9CLLr,couple of lawn chairs sitting on top of grass covered field
B1ObWYNAfqu,hand holding cup
B1OBX2zFM0_,close up of text on white background
B1ObX7Kn6Om,black and blue shoes
B1OBXBPonhi,close up of stool
B1OBxI3C9Vi,woman posing for photo
B1OBxqgnP4_,group of people holding sign
B1OBxR9gdXL,black coffee table
B1OBx_4Ddkz,little boy that is standing in the grass
B1ObY17A68i,close up of hand
B1OBY2YhxxA,person sitting on the ground
B1OBYaLg9u6,tree in forest
B1OBye9BIXg,person jumping in the air
B1Obylag1k8,person standing next to body of water
B1ObYr-Hq0h,group of people posing for the camera
B1OBYXMoCO3,person throwing frisbee
B1OBYZMgjWJ,woman smiling and posing for the camera
B1Obz0KAgIO,woman wearing hat and sunglasses
B1ObZ14iVRM,man sitting on bench next to tree
B1Obz1diLli,person holding glass of wine
B1OBZ80Hf5t,group of shoes
B1OBzbSCVKp,stack of flyers on table
B1ObZjThW-y,man riding on top of mountain trail
B1OBzmbHWxN,person posing for the camera in front of body of water
B1ObZpmAg6e,path with trees on the side of road
B1ObZUzhpKp,hand holding cell phone
B1OBZvTADtZ,group of people standing in room
B1OBZ_uHx0M,stop sign at night
B1Ocezwhs1m,close up of text on white background
B1OCfS_IhMx,woman posing for picture
B1OcfWVFEtu,man looking at the camera
B1Ocg0wgxgw,man riding motorcycle down road
B1Ocgzcofr_,group of clouds in the sky
B1Och1rh7zw,person standing in front of group of people posing for the camera
B1OchDzh7GV,young man standing in parking lot
B1Ocie1iEuJ,man making funny face
B1OciYInAvl,person wearing sunglasses
B1Ocj4oHk8G,close up of book
B1Ock8HCyat,person standing next to bicycle
B1OclOgH_KP,group of people standing in front of crowd posing for the camera
B1Oco6dHa1H,woman sitting on bench in front of building
B1OcozWFZdR,group of people standing next to tree
B1Ocp7dhqri,close up of sign
B1OcpivClOo,woman standing in front of mountain
B1OcqSvAIbA,man wearing blue shirt
B1OcrINnR49,close up of map
B1OcZ0ooHnO,close up of sign
B1Oc_kgnfo5,pair of feet wearing blue and black shoes
B1OdaHDHiR9,girl in pink bag
B1OdAUwBVUC,person sitting on bicycle
B1Odb9vhVzo,close up of logo
B1OdcNCCOsL,group of people posing for the camera
B1ODCWJIDyv,young man riding skateboard up the side of the road
B1OdcyqFJ2l,group of people posing for the camera
B1OdD3MH6y2,person holding sign posing for the camera
B1OddBiB1Rl,many different types of food on plate
B1OddSflRO1,person standing on top of wooden fence
B1OdDzWoL3w,man sitting on wooden bench
B1OdE7JH3O_,person in green field
B1OdeBKHEBC,bottle of wine on table
B1OdebXIita,large room
B1OdeDehz2J,path with trees on the side of lush green field
B1OdeNhhWT8,room filled with furniture and large window
B1OdEn_oHi3,view of lush green hillside
B1OdEXFAArP,person sitting in living room
B1OdfBanLhg,person in dark sky
B1Odfg0IyQP,person standing on beach
B1OdfLpB3m3,close up of food
B1OdFP6gPz3,rainbow in the night sky
B1OdFxeA8bR,person standing posing for the camera
B1OdGDYIw0X,woman wearing black dress
B1OdgeHBNzV,man holding gun
B1OdgppCFAF,woman posing for picture
B1Odgr-AJyI,group of people standing next to body of water
B1OdgRXHW18,man riding skateboard up the side of road
B1OdhpPjXRo,person sitting on bench next to tree
B1OdHTJAeOj,dog sitting in parking lot
B1OdI3iBxR1,teddy bear sitting on boat in the water
B1OdiFMAZ78,screenshot of cell phone screen with text
B1OdIq_n8se,person standing in front of body of water
B1OdIzMIJTl,man standing in front of mountain
B1OdJ40hMTC,close up of map
B1Odj7BA83o,pair of black shoes
B1OdJeTIMGJ,person standing next to tree
B1OdJxKoI5b,tree in park
B1OdK58n_0f,man riding skateboard
B1OdkHACcGv,close up of blue wall
B1Odki6gfQL,man riding skateboard down street
B1OdKlxhE1X,close up of piece of cake on plate
B1OdKQiHq50,close up of map
B1OdLfIhdIh,woman in car posing for the camera
B1OdLfUDZNq,man jumping in the air doing trick on skateboard
B1OdLOAnMCo,person standing on beach
B1OdlqIoKvX,person standing on sidewalk
B1OdLR7nn_J,group of items on table
B1Odm9pni7M,woman standing in front of mirror posing for the camera
B1OdMHPhuvV,large room with tables and chairs
B1Odml6l3x9,close up of hand
B1OdMn1ntKi,group of people that are standing in the grass
B1OdMswIwY-,dog sitting on top of sandy beach
B1OdmzcHJpg,group of people in park
B1OdN4CiiOh,close up of woman
B1OdnH5ocPi,man wearing yellow shirt
B1OdNOoFNms,path with trees on the side of dirt field
B1OdntPAVeA,bridge over body of water
B1OdNWHnPkm,person standing on sidewalk near fence
B1OdobtHEhW,large body of water with city in the background
B1Odoe3AzT9,man throwing frisbee in grassy field
B1OdOHRHWz8,dog that is standing in front of building
B1OdOjTn-QZ,person wearing blue hat
B1OdRZIB3pU,plate of food on table
B1OdsXooxWb,close up of some water
B1OdsxPAftd,woman standing in front of shoes
B1OdsYSFTy8,close up of rock
B1Odt5sHUEe,person talking on cell phone
B1ODtj9CXei,close up of red apple
B1OdtzbhK7o,woman posing for picture
B1OdU2vAFpE,close up of black background
B1OdV1YoKbA,man standing next to body of water
B1OdVSciLVT,group of people posing for photo
B1OdvY2ChzJ,woman in green field
B1OdW2PHbEq,screenshot of video game
B1OdXDSHo48,young boy wearing white shirt
B1OdXGQHOhO,person in blue shirt
B1OdXLpHR9R,close up of map
B1OdXOwg5jy,woman sitting at table
B1OdYe9BEhe,screenshot of video game
B1OdZ0NIBlT,close up of bottle
B1OdZAlisOk,close up of map
B1OdZtehxP6,man riding on top of grass covered field
B1OdZz0AMFM,group of people flying kites on beach
B1OEmVpHUW5,woman running
B1OFzvVibse,woman posing for photo
B1OGcbuoRZZ,close up of book
B1OGqE2oBEo,man sitting in chair
B1OJa3Gn7vV,tree with sunset in the background
B1OJaQvgRpV,group of people posing for the camera
B1OJaWnB60I,group of people standing next to tree
B1OJBytDBOs,couple of people that are wearing glasses and smiling at the camera
B1OJc-3CjMu,screenshot of cell phone
B1OJC2nFoDT,little boy that is standing in the grass
B1OJcAPiC88,person standing in front of door
B1OJcILnK36,woman walking down the street
B1OJcmSHPJO,man smiling for the camera
B1OJcxPhoxS,fireworks in the sky
B1OJDfPBwTz,person holding sign posing for the camera
B1OJDIpAS3S,an image of river
B1OJdnzh1Cv,close up of piece of paper
B1OJdrsid_s,garden with water in the background
B1OJdYgo5uK,person posing for the camera
B1OJDySgzl_,bowl of fruit and vegetable salad on plate
B1OJdZCC171,man standing in front of building
B1OJE2chHjE,cat lying on top of stuffed animal
B1OJEFyo0e0,close up of rock
B1OJEMEoycy,person sitting in front of mountain
B1OJeOEIrxo,lush green field
B1OJeZ-BHU7,close up of feet wearing blue and black shoes
B1OJezKAq-3,person with collar shirt
B1OJF0FniJk,close up of logo
B1OJF50HITB,rainbow in the sky
B1OJFDki_wp,person smiling for the camera
B1OJFkjAltI,screenshot of cell phone
B1OJfQVHqYd,group of people standing in front of crowd
B1OJftPotm0,man standing in front of fence
B1OJFtYnl-j,woman with racket
B1OJfVqIeY8,man flying through the air while riding skis
B1OJHD9ovi4,man holding book
B1OJHPMnR_p,man and woman standing in front of building
B1OJHrnnnqY,close up of map
B1OJIDPIMgM,close up of map
B1OJIlbn0k4,close up of bottle
B1OJIvRAoWr,close up of text on black background
B1OJJDvncTv,group of people posing for the camera
B1OJJo8DlBJ,sign on the side of road
B1OJJTdgHj5,close up of text on black background
B1OJK3-o5cR,sign on the side of road
B1OJKnCndk_,person holding sign
B1OJL6YI2Fy,path with trees on the side of the street
B1OJLgNI-i1,woman standing next to body of water
B1OJLGqBD5z,group of people standing in front of crowd
B1OJLI_j4QN,clouds above snow covered mountain
B1OJMJ5B7Gr,sunset over body of water with mountain in the background
B1OJNiZB8Sm,sunset over city street
B1OJNV_AZJi,group of people standing in front of crowd posing for the camera
B1OJOB9CnMf,close up of flower
B1OJOoABXhi,hand holding cellphone
B1OJPGRn2eT,person standing next to teddy bear
B1OJPYWHrwh,woman in blue shirt
B1OJQ-Ook2o,man carrying pink shirt
B1OJQ0knkjC,man standing on top of grass covered field
B1OJQHNnC-i,large crowd of people in front of building
B1OJQTwI5U-,body of water
B1OJRNohmoy,person standing in front of building
B1OJRSTH9o7,close up of card
B1OJry9Hhog,close up of text on black background
B1OJS8nhTDm,close up of text on white background
B1OJSyJoeFD,group of people standing in front of crowd posing for the camera
B1OJTdjI-ni,person sitting on beach
B1OJTMDH4UR,man standing on top of mountain
B1OJTrQIF3g,close up of person lying on the ground
B1OJTtNAkrp,man sitting at beach
B1OJTXAHo_a,close up of person
B1OJUCsisb3,group of people riding on the back of person
B1OJVnzAiDE,close up of watch
B1OJVuvA8ua,man standing on rocky hill
B1OJX0ihoKx,screenshot of cell phone screen with text
B1OJZ0wBaOO,rocky beach next to body of water
B1OJZ7gHwFh,man smiling for the camera
B1OJZliAphG,dog lying on the ground
B1OJZmNHPbt,sign above store
B1OJZQYHkh5,black sign with white text
B1OJZtloPTN,close up of person wearing hat
B1OK9C9InP8,woman standing in front of fence
B1OKl5RnKtm,woman jumping in the air
B1OKw6eHdMn,path in grassy field
B1OLo14Bihx,group of people posing for photo
B1OM6mhAZZq,man doing trick on skate board in the air
B1OM9S6gal9,rocky mountain
B1ON-9nibU2,close up of logo
B1ON-Veh6p0,close up of sign
B1ON023igUn,man standing in front of lake
B1ON0NtoWQ3,man standing in front of green field
B1ON0sfI_xW,man smiling for the camera
B1ON0TFo_oz,pair of legs wearing black shoes
B1ON0WRiGJ4,plate of food on table
B1ON2ltCdPt,black dog walking through forest
B1ON2luDtTa,person posing for the camera
B1ON2m3g-ee,fireworks in the sky
B1ON3aQnUWw,person posing for the camera
B1ON3HKo5fd,close up of map
B1ON3NlhYdj,close up of ride
B1ON41GhqZy,man in white shirt
B1ON4o8FaEo,man standing next to tree
B1ON4oPhgM2,watch on persons arm
B1ON5eJIWnE,group of people posing for photo
B1ON6kJgUk3,man standing in front of mountain
B1ON6RZBV08,young girl standing in front of building
B1ON73eo-6i,herd of cattle grazing on lush green field
B1ON7FPot8h,little girl that is standing in the grass
B1ON7gugBE3,group of people posing for the camera
B1ON7s-BLve,plate of food on table
B1ON8cRhj1r,man standing in front of brick wall
B1ON9WIgxuV,man and woman taking selfie
B1ONaCEFaAE,woman brushing her hair in front of mirror posing for the camera
B1ONaPajVxM,man holding phone
B1ONaqIA20N,person holding sign posing for the camera
B1ONbhbokj7,person standing posing for the camera
B1ONbHlIFqh,woman standing next to tree
B1ONbQ7ngA-,train crossing bridge over body of water
B1ONeC6AcTS,group of people standing next to bicycle
B1ONecnn3PJ,close up of bottle
B1ONeHmFAl3,person posing for the camera
B1ONelvo7Qn,man standing next to body of water
B1ONf-VlWwi,woman sitting on table
B1ONfJSI9PA,woman smiling for the camera
B1ONfjZItkL,dirt path next to body of water
B1ONfl7IQ-o,woman standing next to body of water
B1ONfPCH91J,woman standing in front of mirror posing for the camera
B1ONgCSHv8J,close up of text on black background
B1ONgJRHZc2,person that is standing in the grass
B1ONgXKnfVL,woman wearing sunglasses posing for the camera
B1ONhjnBlZI,young man riding skateboard down street
B1ONhZFn9ml,close up of device
B1ONiCuCICN,person wearing sunglasses
B1ONjDKgPrk,close up of text on white background
B1ONjKIjrip,person lifting weights
B1ONjl6HwA2,woman standing in front of body of water
B1ONjvcoNQ-,screenshot of cell phone
B1ONl8GgvSX,boat on body of water
B1ONld3IrL8,screenshot of cell phone
B1ONm7aI3un,woman standing next to fence
B1ONmsInDDX,group of people posing for the camera
B1ONnjhoLxO,young man wearing sunglasses posing for the camera
B1ONnKon5AU,group of people posing for the camera
B1ONnw8AvDW,person standing in pool of water
B1ONo5VBN-Z,person standing posing for the camera
B1ONoLbHNBl,group of people standing in front of crowd posing for the camera
B1ONoxWgD8u,person posing for the camera
B1ONpgLhLm6,group of people sitting around car
B1ONprhH5Gq,dog and cat sleeping on top of table
B1ONqj4IKj6,man standing in front of mirror posing for the camera
B1ONrjBF4IF,screenshot of cell phone
B1ONrSro-D7,woman smiling and posing for the camera
B1ONruYBIIA,body of water
B1ONs_WoY54,person posing for the camera
B1ONt9Zhkn2,bag of luggage sitting on top of suitcase
B1ONti9IT_B,pair of red shoes
B1ONtOrAYJL,group of people posing for the camera
B1ONugwIWxo,person with long hair and sunset in the background
B1ONum3nzWa,person standing on beach near body of water
B1ONvFSBP50,man in yellow shirt walking
B1ONvTHHDmq,herd of cattle standing on top of dirt field
B1ONW1_oGav,close up of child wearing hat and sunglasses
B1ONWbXIKM8,man standing next to body of water
B1ONWJVA84u,view of snow covered mountain
B1ONwO-ieWw,tree in forest
B1ONwo0hPkS,group of men posing for photo
B1ONWZQIW9d,body of water next to the ocean
B1ONxnCCG0U,man sitting in tree
B1ONXW-Hjg2,man and woman walking down street
B1ONx_Doh42,rocky hill side
B1ONy3OIslm,person jumping in the air
B1ONY9QBJgZ,person standing in front of fence
B1ONYh4CIxt,group of stuffed animals sitting on top of wooden table
B1ONyOlHyBi,person posing for the camera
B1ONYTMHF02,group of people standing in front of crowd
B1ONyuPHMnM,group of people standing in front of crowd posing for the camera
B1ONyV5gKx9,woman wearing hat and smiling at the camera
B1ONZbJhlMB,group of clouds in the sky
B1ONZbWijTt,girl in pool of water
B1ONzefhdUa,man standing on beach
B1ONzemjqcD,group of people playing football on field
B1ONzGPoSOn,man doing trick on rail
B1ONZjCIN8i,person and dog on leash
B1ON_4xHgXi,close up of map
B1ON_5Vn30H,man standing in front of building
B1ON_rdAn2Q,person standing in front of mirror posing for the camera
B1OO-aeITBa,person walking across grass covered field
B1OO-WqBOCc,man standing in front of brick building
B1OO-yXAapx,path with trees on the side of hill
B1OO0fXIRSB,tree in forest
B1OO1qZC50M,path with trees on the side of dirt road
B1OO2hmivso,blue and white shoes
B1OO2JAjkgp,person wearing costume
B1OO2pzH-g-,screenshot of cell phone
B1OO2Ryl_xQ,dirt path in forest
B1OO2wEAmM-,man standing on top of mountain
B1OO3YghA59,close up of dog
B1OO4ySHkYS,group of people posing for photo
B1OO7BtiPHm,young boy holding baseball bat on field
B1OO7mRBzmL,close up of map
B1OO7xiIH4-,chain link fence
B1OO7Ysh0Bh,person posing for the camera
B1OO82DnYNV,close up of sign
B1OO8dpijln,man standing in front of building
B1OO8DxAC0j,view of city
B1OO927D1By,close up of map
B1OOA4cnzCj,group of people standing on top of grass covered field
B1OOAKehUb2,bunch of items that are on display
B1OOBOkovF1,group of people walking down the street
B1OOC5ugmdg,person standing in front of sign
B1OOCOPgi7C,close up of map
B1OODdVo3kf,group of kids in grassy area
B1OOdfJHzbU,woman sitting in park
B1OOdnnhR0o,close up of bicycle
B1OODOmh-ky,group of people swimming in body of water
B1OOetoHoCv,person standing in front of crowd
B1OOeUtFuc1,person wearing dress
B1OOe_8gymP,group of people in field
B1OOf0BgU9c,man that is standing in the grass
B1OOg0AChtV,helicopter flying in the sky
B1OOghMFurT,clock that is on pole
B1OOgmtBkVG,close up of food
B1OOgsrhG2h,view of the side of road
B1OOgtxFIoZ,person on court with racket
B1OOgY7i4Er,woman standing next to fence
B1OOi1TgL0H,car parked in parking lot
B1OOjXcnqL8,man riding horse in field
B1OOlELAXd9,person wearing black suit
B1OOLlbBbd2,man riding wave on surfboard in the ocean
B1OOlm8gDV_,man looking at the camera
B1OOmfMCta3,group of people posing for the camera
B1OOmQvgZEw,group of people riding skis on snowy surface
B1OOnE-BfXu,close up of bird
B1OOOcRAK0e,woman sitting on bench
B1OOoiTnbWG,man holding sign
B1OOoRnHCj7,group of people standing in field
B1OOostI5MK,woman wearing red shirt
B1OOPfsicdf,close up of map
B1OOQ5FBand,person standing in front of mountain
B1OOQcpoy-0,man lying on top of mountain
B1OOQjwIDyQ,man playing game of football
B1OOqrVoxEf,person posing for the camera
B1OOrcRIzb8,close up of sign
B1OORF_C5Jq,woman throwing frisbee at beach
B1OORgQB9nf,train on steel track
B1OOrRyDOUD,woman standing next to fence
B1OOrSzIZZL,young man standing in front of lake
B1OORyOh_GF,screenshot of video game
B1OOs62nK-h,person sitting on bench
B1OOscsgUhI,stone building that has bridge in the background
B1OOSgqlHdf,man wearing sunglasses and dog posing for the camera
B1OOTEaAHUW,close up of text on black background
B1OOtqpDPd0,close up of toy
B1OOU-doQdJ,sign on the side of the road
B1OOu24B-lI,bunch of items that are on table
B1OOu5sHquC,person sitting on bench
B1OOua6oF3k,woman standing in room
B1OOUDkHqUz,close up of text on white background
B1OOUsjDXSX,woman wearing hat and sunglasses
B1OOuvLgM2p,sign on the side of road
B1OOuw7H28D,large building
B1OOV4snG6J,river with city in the background
B1OOvBCC6kA,close up of map
B1OOvGDBnoO,close up of sign
B1OOvKBAJrR,close up of sign
B1OOvWdl7aX,woman holding sign posing for the camera
B1OOW-iAZO1,large body of water
B1OOWABhwxH,path with trees on the side of road
B1OOXACoFQi,person standing on top of mountain
B1OOXxXAQJJ,group of people standing in front of crowd posing for the camera
B1OOXY4B0Qe,woman standing next to fence
B1OOYN3AZzm,man riding on top of mountain
B1OOZ2xohy0,person holding sign posing for the camera
B1OOZihgFvs,group of people on beach
B1OO_75nYwf,person walking down road
B1OO_7_HazM,group of people in front of building
B1OO_9-neqP,woman in red dress standing in front of building
B1OO_xgIc4d,man standing on rocky hill
B1OPA6ZDHGz,close up of toy
B1OPA9xFYsR,group of people posing for the camera
B1OPAbPhg32,close up of map
B1OPAo6ILqM,person standing next to body of water
B1OPAw9g3OE,woman posing for picture
B1OPBdnBok8,person standing next to body of water
B1OPBfoCYKL,red fire hydrant sitting in the grass
B1OPBwHIqJw,close up of coffee cup
B1OSjOUhq8w,woman is walking down the street
B1OT7qVgqKD,red white and blue shoes
B1OVMpxhGP1,person standing in front of bicycle leaning against blue sky
B1OWcsiHhJe,person walking down street
Bb1k1C_lFsV,body of water with mountain in the background
Bj2Chnllz3S,bunch of pink flowers
BoET2YRiiCe,man sitting in front of mountain
BoFB8pLClvJ,man wearing sunglasses with mountain in the background
BQ8EyW4gdu_,screenshot of video game
BR0Mzzhgl-7,drawing of cartoon character
Bugm2NJl0Jk,man standing in front of mirror posing for the camera
Bv9L-6cFOzc,vase filled with pink flowers
BvNdRBHBWqy,person jumping up in the air
BvtkLNNlh47,man holding guitar
Bwdq2bABFU5,person riding bike down dirt road
BxkIP62o5wk,group of people posing for photo
BxoZanzhui-,man riding bike down dirt road
BxZtaGDhW9j,person standing in front of sign
Bx_axINhlop,man wearing red hat
By47gI9I0xr,man riding skateboard up the side of road
By9Y4ToicGq,person holding sign posing for the camera
ByaKhdMivU3,group of people posing for the camera
Bye3z9NiUSn,man wearing sunglasses taking selfie in body of water
BYgX44OAaaD,close up of logo
ByGZb0uCAbV,rocky hill
BykAaVBCSAn,man standing in front of mirror posing for the camera
BYkhAdMA7pS,screenshot of video game
ByU2AlSIMNe,person standing next to car
ByXnUH3ogJk,man riding skateboard up the side of road
ByzxK_HIrAP,woman standing in front of mountain
BzFvv1KIo1z,woman that is standing in the snow
BZG7yrHgjDZ,screenshot of video game
BzJdv3nJxRa,person standing in front of fence
BzPnPxap0oP,person walking down the street
BzVAs1LCmZ4,close up of sign
Bzx0SszCWb1,group of people walking down the street
BzXx2PGIxJm,person standing on rocky hill
yvXJM2oEAv,man wearing suit and tie
